[
  {
    "model": "sections.section",
    "pk": 1,
    "fields": {
      "title": "Литература",
      "description": "Литература — это одно из ключевых искусств, воплощающее искусство слова."
    }
  },
  {
    "model": "sections.section",
    "pk": 2,
    "fields": {
      "title": "География",
      "description": "География – наука, которая изучает Землю как планету, ее природные условия, распределение объектов, населения и хозяйственной деятельности."
    }
  },
  {
    "model": "sections.section",
    "pk": 3,
    "fields": {
      "title": "Химия",
      "description": "Химия — это наука о веществах, их строении, свойствах и превращениях, а также о законах и закономерностях, которым подчиняются эти превращения."
    }
  },
  {
    "model": "sections.section",
    "pk": 4,
    "fields": {
      "title": "История",
      "description": "История — наука о прошлом и настоящем, исследующая развитие человеческого общества во времени и пространстве."
    }
  },
  {
    "model": "sections.section",
    "pk": 5,
    "fields": {
      "title": "Биология",
      "description": "Биология – это наука о живых существах, их структуре, функционировании, развитии, эволюции и взаимодействии с окружающей средой."
    }
  },
  {
    "model": "sections.section",
    "pk": 6,
    "fields": {
      "title": "Астрономия",
      "description": "Астрономия — наука, которая изучает движение, строение, происхождение и развитие небесных тел (планет, звезд, астероидов и т. д.) и их систем."
    }
  },
  {
    "model": "sections.section",
    "pk": 7,
    "fields": {
      "title": "Физика",
      "description": "Физика - это наука, которая изучает общие закономерности и свойства материи и ее движения, а также фундаментальные взаимодействия природы."
    }
  },
  {
    "model": "sections.section",
    "pk": 8,
    "fields": {
      "title": "Геометрия",
      "description": "Геометрия — это раздел математики, изучающий свойства фигур в пространстве, как на плоскости, так и в объемных формах."
    }
  },
  {
    "model": "sections.section",
    "pk": 10,
    "fields": {
      "title": "Test section Mod",
      "description": "Test description Mod"
    }
  },
  {
    "model": "sections.section",
    "pk": 11,
    "fields": {
      "title": "Test section Admin",
      "description": "Test description Admin"
    }
  },
  {
    "model": "sections.content",
    "pk": 1,
    "fields": {
      "section": 1,
      "title": "Уильям Шекспир",
      "content": "Уильям Шекспир (William Shakespeare; 1564 - 1616) — английский поэт и драматург, считается величайшим англоязычным писателем, национальным поэтом Англии, одним из лучших драматургов мира."
    }
  },
  {
    "model": "sections.content",
    "pk": 2,
    "fields": {
      "section": 2,
      "title": "Париж",
      "content": "Столица Франции."
    }
  },
  {
    "model": "sections.content",
    "pk": 3,
    "fields": {
      "section": 3,
      "title": "Углекислый газ",
      "content": "Углекислый газ - неорганическое химическое соединение, бинарный кислотный оксид, молекула которого состоит из одного атома углерода и двух атомов кислорода."
    }
  },
  {
    "model": "sections.content",
    "pk": 4,
    "fields": {
      "section": 4,
      "title": "Нил Армстронг",
      "content": "Нил Армстронг - американский астронавт НАСА, лётчик-испытатель, космический инженер, профессор университета, военно-морской лётчик США, первый человек, ступивший на Луну 21 июля 1969 года в ходе лунной экспедиции корабля «Аполлон-11»."
    }
  },
  {
    "model": "sections.content",
    "pk": 5,
    "fields": {
      "section": 5,
      "title": "Синий кит",
      "content": "Синий кит - морское млекопитающее из инфраотряда китообразных, относящееся к семейству полосатиковых парвотряда усатых китов. Самый крупный кит, самое крупное современное животное, а также, вероятно, самое тяжёлое из всех животных, когда-либо существовавших на Земле. Его длина достигает 33 метра, а масса может значительно превышать 150 тонн."
    }
  },
  {
    "model": "sections.content",
    "pk": 6,
    "fields": {
      "section": 2,
      "title": "Египет",
      "content": "Египет - трансконтинентальное государство, расположенное в Северной Африке и на Ближнем Востоке (Синайский полуостров)."
    }
  },
  {
    "model": "sections.content",
    "pk": 7,
    "fields": {
      "section": 3,
      "title": "Кислород",
      "content": "Кислород — химический элемент 16-й группы второго периода периодической системы Д. И. Менделеева с атомным номером 8. Кислород — химически активный неметалл, является самым лёгким элементом из группы халькогенов. Как простое вещество кислород — газ без цвета, вкуса и запаха, молекула которого состоит из двух атомов."
    }
  },
  {
    "model": "sections.content",
    "pk": 8,
    "fields": {
      "section": 2,
      "title": "Тихий океан",
      "content": "Тихий океан - самый большой по площади и глубине океан на Земле. Расположен между материками Евразией и Австралией на западе, Северной и Южной Америкой на востоке, Антарктидой на юге."
    }
  },
  {
    "model": "sections.content",
    "pk": 9,
    "fields": {
      "section": 3,
      "title": "Алмаз",
      "content": "Алмаз — это наиболее твердый из минералов и дорогой среди драгоценных камней."
    }
  },
  {
    "model": "sections.content",
    "pk": 10,
    "fields": {
      "section": 5,
      "title": "Вымершие",
      "content": "Существа, у которых не осталось живых представителей."
    }
  },
  {
    "model": "sections.content",
    "pk": 11,
    "fields": {
      "section": 5,
      "title": "Листья",
      "content": "Лист дерева - это боковой вегетативный орган, который играет важную роль в жизни растения, выполняя такие функции, как фотосинтез, газообмен и испарение."
    }
  },
  {
    "model": "sections.content",
    "pk": 12,
    "fields": {
      "section": 3,
      "title": "Катализатор",
      "content": "Катализатор - вещества, ускоряющие химическую реакцию, но не расходующиеся при этом."
    }
  },
  {
    "model": "sections.content",
    "pk": 13,
    "fields": {
      "section": 7,
      "title": "Барометр",
      "content": "Барометр - прибор, измеряющий атмосферное давление."
    }
  },
  {
    "model": "sections.content",
    "pk": 14,
    "fields": {
      "section": 7,
      "title": "Кинетическая энергия",
      "content": "Способность находящегося в движении тела совершать работу называют кинетической энергией."
    }
  },
  {
    "model": "sections.content",
    "pk": 15,
    "fields": {
      "section": 7,
      "title": "Ускорение",
      "content": "Ускорение - физическая величина, определяющая быстроту изменения скорости тела, то есть первая производная от скорости по времени."
    }
  },
  {
    "model": "sections.content",
    "pk": 16,
    "fields": {
      "section": 6,
      "title": "Орбита",
      "content": "Орбита — это путь небесного тела в пространстве. Орбитой называют траекторию любого физического тела, при этом обычно имеют в виду относительное движение взаимодействующих между собой тел."
    }
  },
  {
    "model": "sections.content",
    "pk": 17,
    "fields": {
      "section": 4,
      "title": "Иосиф Сталин",
      "content": "Иосиф Виссарионович Сталин - российский революционер, советский политический, государственный, военный и партийный деятель. Фактический руководитель СССР. Генеральный секретарь ЦК РКП(б) — ВКП(б) (1922—1934), секретарь ЦК ВКП(б) — КПСС (1934—1953), народный комиссар обороны СССР (1941—1946), председатель Совнаркома СССР и Совета Министров СССР (1941—1953), председатель Государственного комитета обороны СССР (1941—1945). Одна из самых известных и влиятельных личностей ХХ века. Маршал Советского Союза (1943), Генералиссимус Советского Союза (1945)."
    }
  },
  {
    "model": "sections.content",
    "pk": 18,
    "fields": {
      "section": 1,
      "title": "Золушка",
      "content": "Золушка - сказочная героиня с добрым сердцем, вышедшая замуж за принца, узнавшего её по потерянной туфельке."
    }
  },
  {
    "model": "sections.content",
    "pk": 19,
    "fields": {
      "section": 6,
      "title": "Млечный путь",
      "content": "Млечный Путь – это гигантская система звёзд, газа и пыли, в которую входит наша Солнечная система."
    }
  },
  {
    "model": "sections.content",
    "pk": 20,
    "fields": {
      "section": 4,
      "title": "Христофор Колумб",
      "content": "Христофор Колумб - испанский мореплаватель генуэзского происхождения, в 1492 году открывший для европейцев Новый Свет (Америку)."
    }
  },
  {
    "model": "sections.content",
    "pk": 21,
    "fields": {
      "section": 3,
      "title": "Кислота",
      "content": "Кислоты — это сложные химические вещества, состоящие из одного или нескольких атомов водорода, способных замещаться атомами металла, и кислотных остатков."
    }
  },
  {
    "model": "sections.content",
    "pk": 22,
    "fields": {
      "section": 3,
      "title": "Натрий",
      "content": "Натрий — химический элемент 1-й группы, третьего периода периодической системы химических элементов Д. И. Менделеева. Атомный номер — 11. В виде простого вещества натрий — это очень лёгкий, мягкий, химически активный щелочной металл серебристо-белого цвета."
    }
  },
  {
    "model": "sections.question",
    "pk": 1,
    "fields": {
      "question_section": 1,
      "description": "Введите ответ",
      "question": "Кто написал пьесу «Ромео и Джульетта»?",
      "answer": "Уильям Шекспир"
    }
  },
  {
    "model": "sections.question",
    "pk": 2,
    "fields": {
      "question_section": 2,
      "description": "Введите ответ",
      "question": "Какая столица Франции?",
      "answer": "Париж"
    }
  },
  {
    "model": "sections.question",
    "pk": 3,
    "fields": {
      "question_section": 3,
      "description": "Введите ответ",
      "question": "Какой газ поглощают растения в процессе фотосинтеза?",
      "answer": "Углекислый газ"
    }
  },
  {
    "model": "sections.question",
    "pk": 4,
    "fields": {
      "question_section": 5,
      "description": "Введите ответ",
      "question": "Какое животное самое большое на Земле?",
      "answer": "Синий кит"
    }
  },
  {
    "model": "sections.question",
    "pk": 5,
    "fields": {
      "question_section": 7,
      "description": "Введите ответ",
      "question": "Как называется прибор, измеряющий атмосферное давление?",
      "answer": "Барометр"
    }
  },
  {
    "model": "sections.question",
    "pk": 6,
    "fields": {
      "question_section": 4,
      "description": "Введите ответ",
      "question": "Кто был лидером СССР во время Второй мировой войны?",
      "answer": "Иосиф Сталин"
    }
  },
  {
    "model": "sections.question",
    "pk": 7,
    "fields": {
      "question_section": 6,
      "description": "Введите ответ",
      "question": "Как называется галактика, в которую входит Земля?",
      "answer": "Млечный путь"
    }
  },
  {
    "model": "sections.question",
    "pk": 8,
    "fields": {
      "question_section": 1,
      "description": "Введите ответ",
      "question": "Героиня, потерявшая туфельку?",
      "answer": "Золушка"
    }
  },
  {
    "model": "sections.question",
    "pk": 9,
    "fields": {
      "question_section": 2,
      "description": "Введите ответ",
      "question": "В какой стране расположены древние пирамиды Гизы?",
      "answer": "Египет"
    }
  },
  {
    "model": "sections.question",
    "pk": 10,
    "fields": {
      "question_section": 5,
      "description": "Введите ответ",
      "question": "Какая часть растения осуществляет фотосинтез?",
      "answer": "Листья"
    }
  },
  {
    "model": "sections.question",
    "pk": 11,
    "fields": {
      "question_section": 4,
      "description": "Введите ответ",
      "question": "Кто был первым человеком, ступившим на Луну?",
      "answer": "Нил Армстронг"
    }
  },
  {
    "model": "sections.question",
    "pk": 12,
    "fields": {
      "question_section": 7,
      "description": "Введите ответ",
      "question": "Какой энергией обладают движущиеся объекты?",
      "answer": "Кинетическая энергия"
    }
  }
]